0	Bach/Fugue/bwv_846/Shi05M.wav
1	Bach/Fugue/bwv_848/Denisova06M.wav
2	Bach/Fugue/bwv_848/Lee01M.wav
3	Bach/Fugue/bwv_848/LeeSH01M.wav
4	Bach/Fugue/bwv_848/Lin04M.wav
5	Bach/Fugue/bwv_848/Lou01M.wav
6	Bach/Fugue/bwv_848/MiyashitaM01M.wav
7	Bach/Fugue/bwv_848/Mizumoto03M.wav
8	Bach/Fugue/bwv_848/SunY01M.wav
9	Bach/Fugue/bwv_848/Zhou01M.wav
10	Bach/Fugue/bwv_854/LuA01M.wav
11	Bach/Fugue/bwv_854/MiyashitaM01M.wav
12	Bach/Fugue/bwv_854/Ozaki01M.wav
13	Bach/Fugue/bwv_854/Richardson01M.wav
14	Bach/Fugue/bwv_854/WangA01M.wav
15	Bach/Fugue/bwv_856/LuoJ01M.wav
16	Bach/Fugue/bwv_857/Bult-ItoS02M.wav
17	Bach/Fugue/bwv_857/Lisiecki04M.wav
18	Bach/Fugue/bwv_857/ToA01M.wav
19	Bach/Fugue/bwv_857/WangA01M.wav
20	Bach/Fugue/bwv_857/YuP01M.wav
21	Bach/Fugue/bwv_858/VuV01M.wav
22	Bach/Fugue/bwv_858/Zhang01M.wav
23	Bach/Fugue/bwv_860/Ko04M.wav
24	Bach/Fugue/bwv_860/Nikiforov05M.wav
25	Bach/Fugue/bwv_860/Tetzloff04M.wav
26	Bach/Fugue/bwv_860/TuanS01M.wav
27	Bach/Fugue/bwv_860/YoungS01M.wav
28	Bach/Fugue/bwv_860/ZhangH04M.wav
29	Bach/Fugue/bwv_862/Song04M.wav
30	Bach/Fugue/bwv_863/LeeN01M.wav
31	Bach/Fugue/bwv_863/Shychko01M.wav
32	Bach/Fugue/bwv_863/TongB01M.wav
33	Bach/Fugue/bwv_864/SunD01M.wav
34	Bach/Fugue/bwv_865/Teo01M.wav
35	Bach/Fugue/bwv_865/ZhangE01M.wav
36	Bach/Fugue/bwv_867/HuNY01M.wav
37	Bach/Fugue/bwv_867/Sham01M.wav
38	Bach/Fugue/bwv_868/GonzalezJ05M.wav
39	Bach/Fugue/bwv_870/ChenW01M.wav
40	Bach/Fugue/bwv_870/LeeE01M.wav
41	Bach/Fugue/bwv_870/MaximovI01M.wav
42	Bach/Fugue/bwv_873/Lisiecki13M.wav
43	Bach/Fugue/bwv_874/BianF01.wav
44	Bach/Fugue/bwv_874/Kurz01M.wav
45	Bach/Fugue/bwv_874/WongWY01M.wav
46	Bach/Fugue/bwv_875/Ahfat01M.wav
47	Bach/Fugue/bwv_875/CaoJ01M.wav
48	Bach/Fugue/bwv_876/SirajA01M.wav
49	Bach/Fugue/bwv_876/Song01M.wav
50	Bach/Fugue/bwv_880/LeungR01M.wav
51	Bach/Fugue/bwv_880/WangA04M.wav
52	Bach/Fugue/bwv_883/GuoE01M.wav
53	Bach/Fugue/bwv_883/Herbert02.wav
54	Bach/Fugue/bwv_883/KaiRuiR03.wav
55	Bach/Fugue/bwv_883/Khmara04.wav
56	Bach/Fugue/bwv_883/LuM01M.wav
57	Bach/Fugue/bwv_884/LiA01M.wav
58	Bach/Fugue/bwv_885/Guo01M.wav
59	Bach/Fugue/bwv_885/Huang04M.wav
60	Bach/Fugue/bwv_885/JeonH01M.wav
61	Bach/Fugue/bwv_885/SINKEV06.wav
62	Bach/Fugue/bwv_887/LiYZ01M.wav
63	Bach/Fugue/bwv_888/ZhaoK01M.wav
64	Bach/Fugue/bwv_889/Giesbrecht01M.wav
65	Bach/Fugue/bwv_889/LiuY01M.wav
66	Bach/Fugue/bwv_889/MunA01M.wav
67	Bach/Fugue/bwv_889/Wang01M.wav
68	Bach/Fugue/bwv_889/YangY02M.wav
69	Bach/Fugue/bwv_889/ZhangW02M.wav
70	Bach/Fugue/bwv_891/Duepree06M.wav
71	Bach/Fugue/bwv_892/Hou01M.wav
72	Bach/Fugue/bwv_892/KabuliL01M.wav
73	Bach/Fugue/bwv_893/Kleisen04M.wav
74	Bach/Fugue/bwv_893/Levitsky04M.wav
75	Bach/Fugue/bwv_893/Wong01M.wav
76	Bach/Prelude/bwv_846/Shi05M.wav
77	Bach/Prelude/bwv_848/Denisova06M.wav
78	Bach/Prelude/bwv_848/Lee01M.wav
79	Bach/Prelude/bwv_848/LeeSH01M.wav
80	Bach/Prelude/bwv_848/Lin04M.wav
81	Bach/Prelude/bwv_848/Lou01M.wav
82	Bach/Prelude/bwv_848/MiyashitaM01M.wav
83	Bach/Prelude/bwv_848/Mizumoto03M.wav
84	Bach/Prelude/bwv_848/SunY01M.wav
85	Bach/Prelude/bwv_848/Zhou01M.wav
86	Bach/Prelude/bwv_854/LuA01M.wav
87	Bach/Prelude/bwv_854/MiyashitaM01M.wav
88	Bach/Prelude/bwv_854/Ozaki01M.wav
89	Bach/Prelude/bwv_854/Richardson01M.wav
90	Bach/Prelude/bwv_854/WangA01M.wav
91	Bach/Prelude/bwv_856/LuoJ01M.wav
92	Bach/Prelude/bwv_857/Bult-ItoS02M.wav
93	Bach/Prelude/bwv_857/Lan01M.wav
94	Bach/Prelude/bwv_857/Lisiecki04M.wav
95	Bach/Prelude/bwv_857/ToA01M.wav
96	Bach/Prelude/bwv_857/WangA01M.wav
97	Bach/Prelude/bwv_857/YuP01M.wav
98	Bach/Prelude/bwv_858/VuV01M.wav
99	Bach/Prelude/bwv_858/Zhang01M.wav
100	Bach/Prelude/bwv_860/Ko04M.wav
101	Bach/Prelude/bwv_860/Nikiforov05M.wav
102	Bach/Prelude/bwv_860/Tetzloff04M.wav
103	Bach/Prelude/bwv_860/TuanS01M.wav
104	Bach/Prelude/bwv_860/YoungS01M.wav
105	Bach/Prelude/bwv_860/ZhangH04M.wav
106	Bach/Prelude/bwv_862/Song04M.wav
107	Bach/Prelude/bwv_863/LeeN01M.wav
108	Bach/Prelude/bwv_863/Shychko01M.wav
109	Bach/Prelude/bwv_863/TongB01M.wav
110	Bach/Prelude/bwv_864/SunD01M.wav
111	Bach/Prelude/bwv_865/Rizikov01M.wav
112	Bach/Prelude/bwv_865/Teo01M.wav
113	Bach/Prelude/bwv_865/ZhangE01M.wav
114	Bach/Prelude/bwv_867/HuNY01M.wav
115	Bach/Prelude/bwv_867/Sham01M.wav
116	Bach/Prelude/bwv_868/GonzalezJ05M.wav
117	Bach/Prelude/bwv_870/ChenW01M.wav
118	Bach/Prelude/bwv_870/LeeE01M.wav
119	Bach/Prelude/bwv_870/MaximovI01M.wav
120	Bach/Prelude/bwv_873/Lisiecki13M.wav
121	Bach/Prelude/bwv_874/BianF01M.wav
122	Bach/Prelude/bwv_874/WongWY01M.wav
123	Bach/Prelude/bwv_875/Ahfat01M.wav
124	Bach/Prelude/bwv_875/CaoJ01M.wav
125	Bach/Prelude/bwv_875/HONG04M.wav
126	Bach/Prelude/bwv_876/SirajA01M.wav
127	Bach/Prelude/bwv_876/Song01M.wav
128	Bach/Prelude/bwv_880/LeungR01M.wav
129	Bach/Prelude/bwv_880/WangA04M.wav
130	Bach/Prelude/bwv_883/GuoE01M.wav
131	Bach/Prelude/bwv_883/LuM01M.wav
132	Bach/Prelude/bwv_884/LiA01M.wav
133	Bach/Prelude/bwv_885/Guo01M.wav
134	Bach/Prelude/bwv_885/Huang04M.wav
135	Bach/Prelude/bwv_885/JeonH01M.wav
136	Bach/Prelude/bwv_885/SINKEV06.wav
137	Bach/Prelude/bwv_887/LiYZ01M.wav
138	Bach/Prelude/bwv_888/ZhaoK01M.wav
139	Bach/Prelude/bwv_889/Giesbrecht01M.wav
140	Bach/Prelude/bwv_889/LiuY01M.wav
141	Bach/Prelude/bwv_889/MunA01M.wav
142	Bach/Prelude/bwv_889/Wang01M.wav
143	Bach/Prelude/bwv_889/YangY02M.wav
144	Bach/Prelude/bwv_889/ZhangW02M.wav
145	Bach/Prelude/bwv_891/Duepree06M.wav
146	Bach/Prelude/bwv_891/BLINOV04M.wav
147	Bach/Prelude/bwv_892/Hou01M.wav
148	Bach/Prelude/bwv_892/KabuliL01M.wav
149	Bach/Prelude/bwv_893/Kleisen04M.wav
150	Bach/Prelude/bwv_893/Levitsky04M.wav
151	Bach/Prelude/bwv_893/Wong01M.wav
152	Balakirev/Islamey/CHEN10M.wav
153	Balakirev/Islamey/Na08M.wav
154	Balakirev/Islamey/Yi04M.wav
155	Beethoven/Piano_Sonatas/10-1/Hou02M.wav
156	Beethoven/Piano_Sonatas/11-1/LiC03M.wav
157	Beethoven/Piano_Sonatas/11-1/LiYZ03M.wav
158	Beethoven/Piano_Sonatas/11-1/MaximovI02M.wav
159	Beethoven/Piano_Sonatas/11-1/ZhaoK02M.wav
160	Beethoven/Piano_Sonatas/12-1/Kleisen05M.wav
161	Beethoven/Piano_Sonatas/16-1/BuiJL02M.wav
162	Beethoven/Piano_Sonatas/16-1/Khmara05M.wav
163	Beethoven/Piano_Sonatas/16-1/LeeSH02M.wav
164	Beethoven/Piano_Sonatas/16-1/LuoJ03M.wav
165	Beethoven/Piano_Sonatas/16-1/Woo05M.wav
166	Beethoven/Piano_Sonatas/16-2/LuoJ04M.wav
167	Beethoven/Piano_Sonatas/17-1/KaszoS09M.wav
168	Beethoven/Piano_Sonatas/17-1_no_repeat/GuoE02M.wav
169	Beethoven/Piano_Sonatas/17-1_no_repeat/KabuliL02M.wav
170	Beethoven/Piano_Sonatas/17-1_no_repeat/Richardson02M.wav
171	Beethoven/Piano_Sonatas/17-1_no_repeat/TuanS02M.wav
172	Beethoven/Piano_Sonatas/17-1_no_repeat/WangH03M.wav
173	Beethoven/Piano_Sonatas/17-2/USHIKI05M.wav
174	Beethoven/Piano_Sonatas/17-3/KaszoS11M.wav
175	Beethoven/Piano_Sonatas/17-3/USHIKI05M.wav
176	Beethoven/Piano_Sonatas/18-1/ChenGuang03M.wav
177	Beethoven/Piano_Sonatas/18-1/KOLESO06M.wav
178	Beethoven/Piano_Sonatas/18-1/LeungR02M.wav
179	Beethoven/Piano_Sonatas/18-1/Levitsky05M.wav
180	Beethoven/Piano_Sonatas/18-1/ZhangH05M.wav
181	Beethoven/Piano_Sonatas/18-4/ChenGuang06M.wav
182	Beethoven/Piano_Sonatas/18-4/KOLESO06M.wav
183	Beethoven/Piano_Sonatas/21-1/KaiRuiR02M.wav
184	Beethoven/Piano_Sonatas/21-1/Sekino05M.wav
185	Beethoven/Piano_Sonatas/21-1_no_repeat/GonzalezJ06M.wav
186	Beethoven/Piano_Sonatas/21-1_no_repeat/KimSY02M.wav
187	Beethoven/Piano_Sonatas/21-1_no_repeat/LeeN02M.wav
188	Beethoven/Piano_Sonatas/21-1_no_repeat/RichardsonC02M.wav
189	Beethoven/Piano_Sonatas/21-1_no_repeat/Shychko02M.wav
190	Beethoven/Piano_Sonatas/21-1_no_repeat/Sladek02M.wav
191	Beethoven/Piano_Sonatas/21-1_no_repeat/Song03M.wav
192	Beethoven/Piano_Sonatas/21-1_no_repeat/SunY02M.wav
193	Beethoven/Piano_Sonatas/21-1_no_repeat/Tetzloff05M.wav
194	Beethoven/Piano_Sonatas/21-1_no_repeat/ToA02M.wav
195	Beethoven/Piano_Sonatas/21-1_no_repeat/TongB03M.wav
196	Beethoven/Piano_Sonatas/21-1_no_repeat/WangA02M.wav
197	Beethoven/Piano_Sonatas/21-1_no_repeat/YeZ02M.wav
198	Beethoven/Piano_Sonatas/21-1_no_repeat/ZhangW01M.wav
199	Beethoven/Piano_Sonatas/21-2/YOO05M.wav
200	Beethoven/Piano_Sonatas/21-3/KimSY04M.wav
201	Beethoven/Piano_Sonatas/21-3/Sekino05M.wav
202	Beethoven/Piano_Sonatas/21-3/YOO05M.wav
203	Beethoven/Piano_Sonatas/22-1/KOLESO04M.wav
204	Beethoven/Piano_Sonatas/22-2/KOLESO04M.wav
205	Beethoven/Piano_Sonatas/23-1/Duepree05M.wav
206	Beethoven/Piano_Sonatas/23-1/Guo03M.wav
207	Beethoven/Piano_Sonatas/23-1/LiuC02M.wav
208	Beethoven/Piano_Sonatas/23-1/Mizumoto06M.wav
209	Beethoven/Piano_Sonatas/23-1/Teo02M.wav
210	Beethoven/Piano_Sonatas/23-1/Yi02M.wav
211	Beethoven/Piano_Sonatas/24-1/Lisiecki05M.wav
212	Beethoven/Piano_Sonatas/24-1_no_2_repeat/DeTurck06M.wav
213	Beethoven/Piano_Sonatas/24-1_no_2_repeat/Cui06M.wav
214	Beethoven/Piano_Sonatas/24-1_no_repeat/Lou02M.wav
215	Beethoven/Piano_Sonatas/24-2/Lisiecki05M.wav
216	Beethoven/Piano_Sonatas/26-1/HuNY02M.wav
217	Beethoven/Piano_Sonatas/26-1/Sham03M.wav
218	Beethoven/Piano_Sonatas/26-1/Zhdanov05M.wav
219	Beethoven/Piano_Sonatas/26-1_no_repeat/Kim02M.wav
220	Beethoven/Piano_Sonatas/26-2/HONG05M.wav
221	Beethoven/Piano_Sonatas/26-2/LEE_K05M.wav
222	Beethoven/Piano_Sonatas/26-3/HONG05M.wav
223	Beethoven/Piano_Sonatas/26-3/Zhdanov05M.wav
224	Beethoven/Piano_Sonatas/27-1/GiacomelliN04M.wav
225	Beethoven/Piano_Sonatas/27-1/Ko05M.wav
226	Beethoven/Piano_Sonatas/27-1/MiyashitaM02M.wav
227	Beethoven/Piano_Sonatas/27-2/GiacomelliN05M.wav
228	Beethoven/Piano_Sonatas/28-1/KimHJ02M.wav
229	Beethoven/Piano_Sonatas/28-1/KyykhynenT06M.wav
230	Beethoven/Piano_Sonatas/28-1/WangY04M.wav
231	Beethoven/Piano_Sonatas/29-4/ChowK05M.wav
232	Beethoven/Piano_Sonatas/3-1/Bult-ItoS03M.wav
233	Beethoven/Piano_Sonatas/3-1/CaoJ02M.wav
234	Beethoven/Piano_Sonatas/3-1/Lin05M.wav
235	Beethoven/Piano_Sonatas/3-1/MiyashitaM03M.wav
236	Beethoven/Piano_Sonatas/3-2/MiyashitaM04M.wav
237	Beethoven/Piano_Sonatas/30-1/MaslovV02M.wav
238	Beethoven/Piano_Sonatas/30-1/TanakaM06M.wav
239	Beethoven/Piano_Sonatas/31-1/ADIG05M.wav
240	Beethoven/Piano_Sonatas/31-1/AbdelmoulaJS03M.wav
241	Beethoven/Piano_Sonatas/31-1/Ahfat02M.wav
242	Beethoven/Piano_Sonatas/31-1/BrendleA03M.wav
243	Beethoven/Piano_Sonatas/31-1/HuangSW08M.wav
244	Beethoven/Piano_Sonatas/31-1/LeungM03M.wav
245	Beethoven/Piano_Sonatas/31-1/Na06M.wav
246	Beethoven/Piano_Sonatas/31-1/Zuber04M.wav
247	Beethoven/Piano_Sonatas/31-2/ADIG05M.wav
248	Beethoven/Piano_Sonatas/31-3_4/ADIG05M.wav
249	Beethoven/Piano_Sonatas/31-3_4/AbdelmoulaJS05M.wav
250	Beethoven/Piano_Sonatas/31-3_4/HuangSW10M.wav
251	Beethoven/Piano_Sonatas/31-3_4/LeungM05M.wav
252	Beethoven/Piano_Sonatas/31-3_4/Na06M.wav
253	Beethoven/Piano_Sonatas/31-3_4/Zuber04M.wav
254	Beethoven/Piano_Sonatas/32-1/DupreeF03M.wav
255	Beethoven/Piano_Sonatas/32-1/HouY04M.wav
256	Beethoven/Piano_Sonatas/32-1/Jussow06M.wav
257	Beethoven/Piano_Sonatas/4-1/Chon03M.wav
258	Beethoven/Piano_Sonatas/4-1/LeeE02M.wav
259	Beethoven/Piano_Sonatas/4-1/LiA04M.wav
260	Beethoven/Piano_Sonatas/4-1/SirajA02M.wav
261	Beethoven/Piano_Sonatas/5-1/Colafelice02M.wav
262	Beethoven/Piano_Sonatas/5-1/SunD02M.wav
263	Beethoven/Piano_Sonatas/7-1/Hebert01M.wav
264	Beethoven/Piano_Sonatas/7-1/Larionova04M.wav
265	Beethoven/Piano_Sonatas/7-1/LeeS02M.wav
266	Beethoven/Piano_Sonatas/7-1/Wang02M.wav
267	Beethoven/Piano_Sonatas/7-1/WangY01M.wav
268	Beethoven/Piano_Sonatas/7-1/ZhangE02M.wav
269	Beethoven/Piano_Sonatas/7-4/Larionova04M.wav
270	Beethoven/Piano_Sonatas/7-4/LeeS05M.wav
271	Beethoven/Piano_Sonatas/8-1/Na06M.wav
272	Beethoven/Piano_Sonatas/8-3/Na06M.wav
273	Beethoven/Piano_Sonatas/9-1/Tysman05M.wav
274	Beethoven/Piano_Sonatas/9-3/Tysman05M.wav
275	Chopin/Ballades/1/BuiJL04M.wav
276	Chopin/Ballades/1/JIA06M.wav
277	Chopin/Ballades/1/KimSuyeon04M.wav
278	Chopin/Ballades/1/Mo07M.wav
279	Chopin/Ballades/1/MunA19M.wav
280	Chopin/Ballades/1/Richardson13M.wav
281	Chopin/Ballades/1/Sladek04M.wav
282	Chopin/Ballades/1/Zhou06M.wav
283	Chopin/Ballades/2/Denisova17M.wav
284	Chopin/Ballades/2/Gasanov08M.wav
285	Chopin/Ballades/2/Tetzloff06M.wav
286	Chopin/Ballades/3/Ko11M.wav
287	Chopin/Ballades/3/LinPeng06M.wav
288	Chopin/Ballades/4/ChenC04M.wav
289	Chopin/Ballades/4/Kociuban07M.wav
290	Chopin/Ballades/4/Levitsky18M.wav
291	Chopin/Ballades/4/LuEric04M.wav
292	Chopin/Ballades/4/MiyashitaM04M.wav
293	Chopin/Ballades/4/Mizumoto02M.wav
294	Chopin/Ballades/4/Nikiforov13M.wav
295	Chopin/Barcarolle/LeeSH05M.wav
296	Chopin/Barcarolle/Na09M.wav
297	Chopin/Barcarolle/Ozel10M.wav
298	Chopin/Barcarolle/Park10M.wav
299	Chopin/Barcarolle/Rozanski07M.wav
300	Chopin/Berceuse_op_57/LeungM07M.wav
301	Chopin/Berceuse_op_57/MiyashitaM06M.wav
302	Chopin/Berceuse_op_57/Tario07M.wav
303	Chopin/Berceuse_op_57/Teo11M.wav
304	Chopin/Berceuse_op_57/ZhangE09M.wav
305	Chopin/Etudes_op_10/1/ChenW03M.wav
306	Chopin/Etudes_op_10/1/KaiRuiR03M.wav
307	Chopin/Etudes_op_10/1/LiYZ02M.wav
308	Chopin/Etudes_op_10/1/LuM02M.wav
309	Chopin/Etudes_op_10/1/MunA07M.wav
310	Chopin/Etudes_op_10/1/SunY03M.wav
311	Chopin/Etudes_op_10/1/YeF03M.wav
312	Chopin/Etudes_op_10/1/YuP02M.wav
313	Chopin/Etudes_op_10/10/WangH02M.wav
314	Chopin/Etudes_op_10/12/Bult-ItoS04M.wav
315	Chopin/Etudes_op_10/12/HuNY03M.wav
316	Chopin/Etudes_op_10/12/LuoJ08M.wav
317	Chopin/Etudes_op_10/12/WuuE06M.wav
318	Chopin/Etudes_op_10/12/ZhangYunling02M.wav
319	Chopin/Etudes_op_10/2/Hebert03M.wav
320	Chopin/Etudes_op_10/2/JeonH02M.wav
321	Chopin/Etudes_op_10/4/Duepree06M.wav
322	Chopin/Etudes_op_10/4/Knoll03M.wav
323	Chopin/Etudes_op_10/4/Kurz03M.wav
324	Chopin/Etudes_op_10/4/LeeSH03M.wav
325	Chopin/Etudes_op_10/4/Richardson_2013_03M.wav
326	Chopin/Etudes_op_10/4/Sladek03M.wav
327	Chopin/Etudes_op_10/4/Yi03M.wav
328	Chopin/Etudes_op_10/4/ZhangE03M.wav
329	Chopin/Etudes_op_10/4/ZhaoA03M.wav
330	Chopin/Etudes_op_10/5/LiA03M.wav
331	Chopin/Etudes_op_10/5/LiC02M.wav
332	Chopin/Etudes_op_10/5/ZhangW03M.wav
333	Chopin/Etudes_op_10/8/KyykhynenT09M.wav
334	Chopin/Etudes_op_10/8/Lou03M.wav
335	Chopin/Etudes_op_10/8/LuEric03M.wav
336	Chopin/Etudes_op_10/8/MiyashitaM05M.wav
337	Chopin/Etudes_op_10/8/Rizikov03M.wav
338	Chopin/Etudes_op_10/8/Tetzloff07M.wav
339	Chopin/Etudes_op_10/8/Zhou03M.wav
340	Chopin/Etudes_op_25/1/LeeN03M.wav
341	Chopin/Etudes_op_25/1/TongB02M.wav
342	Chopin/Etudes_op_25/1/TuanS04M.wav
343	Chopin/Etudes_op_25/1/Wong03M.wav
344	Chopin/Etudes_op_25/10/Guo02M.wav
345	Chopin/Etudes_op_25/10/Ozel05M.wav
346	Chopin/Etudes_op_25/10/WangA03M.wav
347	Chopin/Etudes_op_25/11/KimSuyeon03M.wav
348	Chopin/Etudes_op_25/11/KyykhynenT10M.wav
349	Chopin/Etudes_op_25/11/Lisiecki07M.wav
350	Chopin/Etudes_op_25/11/MiyashitaM03M.wav
351	Chopin/Etudes_op_25/11/Richardson_2013_08M.wav
352	Chopin/Etudes_op_25/11/Richardson_2015_03M.wav
353	Chopin/Etudes_op_25/11/Sham02M.wav
354	Chopin/Etudes_op_25/11/Shychko03M.wav
355	Chopin/Etudes_op_25/11/Song02M.wav
356	Chopin/Etudes_op_25/11/WangA02M.wav
357	Chopin/Etudes_op_25/12/BorickC04M.wav
358	Chopin/Etudes_op_25/12/HouKimberly03M.wav
359	Chopin/Etudes_op_25/12/LuA04M.wav
360	Chopin/Etudes_op_25/5/Levitsky10M.wav
361	Chopin/Polonaises/53/Chon08M.wav
362	Chopin/Polonaises/53/YeF11M.wav
363	Chopin/Scherzos/20/Kurz04M.wav
364	Chopin/Scherzos/20/Wong04M.wav
365	Chopin/Scherzos/20/ZhangYunling04M.wav
366	Chopin/Scherzos/31/ChenW04M.wav
367	Chopin/Scherzos/31/HuNY08M.wav
368	Chopin/Scherzos/31/Jussow11M.wav
369	Chopin/Scherzos/31/LeeN04M.wav
370	Chopin/Scherzos/31/LinTami06M.wav
371	Chopin/Scherzos/31/LuoJ12M.wav
372	Chopin/Scherzos/31/SunD04M.wav
373	Chopin/Scherzos/31/TongB04M.wav
374	Chopin/Scherzos/31/TuanS05M.wav
375	Chopin/Scherzos/31/ZhangW04M.wav
376	Chopin/Scherzos/39/Arciglione13M.wav
377	Chopin/Scherzos/39/Bult-ItoS05M.wav
378	Chopin/Sonata_2/4th/KaszoS16M.wav
379	Chopin/Sonata_3/4th/GarritsonL11M.wav
380	Chopin/Sonata_3/4th/HuangSW06M.wav
381	Chopin/Sonata_3/4th/KimSJ10M.wav
382	Chopin/Sonata_3/4th/KimSY23M.wav
383	Debussy/Images_Book_1/1_Reflets_dans_lEau/Kleisen11M.wav
384	Debussy/Images_Book_1/1_Reflets_dans_lEau/ParkJH13M.wav
385	Debussy/Pour_le_Piano/1/MunA12M.wav
386	Glinka/The_Lark/Denisova10M.wav
387	Glinka/The_Lark/Kleisen07M.wav
388	Haydn/Keyboard_Sonatas/31-1/Song05M.wav
389	Haydn/Keyboard_Sonatas/39-1/Yarden07M.wav
390	Haydn/Keyboard_Sonatas/39-3/Yarden07M.wav
391	Haydn/Keyboard_Sonatas/46-1/WongWY02M.wav
392	Haydn/Keyboard_Sonatas/46-1/YuP03M.wav
393	Haydn/Keyboard_Sonatas/48-1/GarritsonL02M.wav
394	Haydn/Keyboard_Sonatas/48-1/PrjevalskayaM02M.wav
395	Haydn/Keyboard_Sonatas/48-2/GarritsonL03M.wav
396	Haydn/Keyboard_Sonatas/48-2/PrjevalskayaM03M.wav
397	Haydn/Keyboard_Sonatas/50-1_no_repeat/GalantM02M.wav
398	Haydn/Keyboard_Sonatas/50-1_no_repeat/HamSY02M.wav
399	Haydn/Keyboard_Sonatas/50-1_no_repeat/Huang05M.wav
400	Haydn/Keyboard_Sonatas/50-1_no_repeat/JeonH03M.wav
401	Haydn/Keyboard_Sonatas/50-1_no_repeat/KARYAG06M.wav
402	Haydn/Keyboard_Sonatas/50-1_no_repeat/Shi07M.wav
403	Haydn/Keyboard_Sonatas/50-1_no_repeat/YoungS02M.wav
404	Liszt/Annees_de_pelerinage_2/1_Gondoliera/LeungM08M.wav
405	Liszt/Annees_de_pelerinage_2/1_Gondoliera/LeungM12M.wav
406	Liszt/Ballade_2/GarritsonL04M.wav
407	Liszt/Ballade_2/Jin07M.wav
408	Liszt/Ballade_2/Min06M.wav
409	Liszt/Concert_Etude_S145/1/Kleisen06M.wav
410	Liszt/Concert_Etude_S145/1/Woo06M.wav
411	Liszt/Concert_Etude_S145/2/Lu03M.wav
412	Liszt/Concert_Etude_S145/2/Tario06M.wav
413	Liszt/Gran_Etudes_de_Paganini/2_La_campanella/BuiJL03M.wav
414	Liszt/Gran_Etudes_de_Paganini/2_La_campanella/LeungR04M.wav
415	Liszt/Gran_Etudes_de_Paganini/2_La_campanella/Levitsky06M.wav
416	Liszt/Gran_Etudes_de_Paganini/2_La_campanella/Lin07M.wav
417	Liszt/Gran_Etudes_de_Paganini/2_La_campanella/LiuC05M.wav
418	Liszt/Gran_Etudes_de_Paganini/2_La_campanella/LiuY03M.wav
419	Liszt/Gran_Etudes_de_Paganini/2_La_campanella/MunA08M.wav
420	Liszt/Gran_Etudes_de_Paganini/2_La_campanella/VuV06M.wav
421	Liszt/Gran_Etudes_de_Paganini/2_La_campanella/Yang05M.wav
422	Liszt/Gran_Etudes_de_Paganini/2_La_campanella/ZhangH07M.wav
423	Liszt/Gran_Etudes_de_Paganini/6_Theme_and_Variations/WangA07M.wav
424	Liszt/Gran_Etudes_de_Paganini/6_Theme_and_Variations_repeat/KanM09M.wav
425	Liszt/Hungarian_Rhapsodies/6/LiA09M.wav
426	Liszt/Mephisto_Waltz/Avdeeva07M.wav
427	Liszt/Mephisto_Waltz/ChenGuang24M.wav
428	Liszt/Mephisto_Waltz/ChernovA04M.wav
429	Liszt/Mephisto_Waltz/Tysman07M.wav
430	Liszt/Sonata/Dulu07M.wav
431	Liszt/Sonata/Gasanov06M.wav
432	Liszt/Sonata/GiacomelliN11M.wav
433	Liszt/Sonata/Yeletskiy05M.wav
434	Liszt/Sonata/Zuber07M.wav
435	Liszt/Transcendental_Etudes/1/Huang13M.wav
436	Liszt/Transcendental_Etudes/1/LuoJ05M.wav
437	Liszt/Transcendental_Etudes/10/CaoJ03M.wav
438	Liszt/Transcendental_Etudes/10/Huang17M.wav
439	Liszt/Transcendental_Etudes/10/LeungM06M.wav
440	Liszt/Transcendental_Etudes/11/Huang18M.wav
441	Liszt/Transcendental_Etudes/3/Huang14M.wav
442	Liszt/Transcendental_Etudes/4/GuoE03M.wav
443	Liszt/Transcendental_Etudes/4/Huang15M.wav
444	Liszt/Transcendental_Etudes/4/LeeE04M.wav
445	Liszt/Transcendental_Etudes/4/LiuC04M.wav
446	Liszt/Transcendental_Etudes/5/Huang16M.wav
447	Liszt/Transcendental_Etudes/5/LiuY06M.wav
448	Liszt/Transcendental_Etudes/5/Min03M.wav
449	Liszt/Transcendental_Etudes/5/Park03M.wav
450	Liszt/Transcendental_Etudes/5/Wang06M.wav
451	Liszt/Transcendental_Etudes/5/WangY02M.wav
452	Mozart/Fantasie_475/Huangci05M.wav
453	Mozart/Piano_Sonatas/12-1/MunA03M.wav
454	Mozart/Piano_Sonatas/12-1/WuuE02M.wav
455	Mozart/Piano_Sonatas/12-3/MunA05M.wav
456	Mozart/Piano_Sonatas/12-3/WuuE04M.wav
457	Rachmaninoff/Preludes_op_23/4/ChenGuang12M.wav
458	Rachmaninoff/Preludes_op_23/4/WuuE07M.wav
459	Rachmaninoff/Preludes_op_23/6/Nikiforov14M.wav
460	Rachmaninoff/Preludes_op_32/5/Namirovsky06M.wav
461	Schubert/Impromptu_op.90_D.899/1/Duepree08M.wav
462	Schubert/Impromptu_op.90_D.899/1/Jin05M.wav
463	Schubert/Impromptu_op.90_D.899/1/Teo06M.wav
464	Schubert/Impromptu_op.90_D.899/2/Denisova11M.wav
465	Schubert/Impromptu_op.90_D.899/2/FaB06M.wav
466	Schubert/Impromptu_op.90_D.899/2/HuNY06M.wav
467	Schubert/Impromptu_op.90_D.899/2/KaiRuiR05M.wav
468	Schubert/Impromptu_op.90_D.899/2/Levitsky09M.wav
469	Schubert/Impromptu_op.90_D.899/2/Nikiforov09M.wav
470	Schubert/Impromptu_op.90_D.899/3/Hou06M.wav
471	Schubert/Impromptu_op.90_D.899/3/JeonH06M.wav
472	Schubert/Impromptu_op.90_D.899/3/Ko08M.wav
473	Schubert/Impromptu_op.90_D.899/3/Kociuban10M.wav
474	Schubert/Impromptu_op.90_D.899/3/LEE_K04M.wav
475	Schubert/Impromptu_op.90_D.899/3/LeeSH08M.wav
476	Schubert/Impromptu_op.90_D.899/3/Mizumoto07M.wav
477	Schubert/Impromptu_op.90_D.899/3/Woo10M.wav
478	Schubert/Impromptu_op.90_D.899/3/WuuE10M.wav
479	Schubert/Impromptu_op.90_D.899/3/ZhangW07M.wav
480	Schubert/Impromptu_op.90_D.899/3/ZhaoK10M.wav
481	Schubert/Impromptu_op.90_D.899/4_no_repeat/Huang10M.wav
482	Schubert/Impromptu_op.90_D.899/4_no_repeat/Lin11M.wav
483	Schubert/Impromptu_op.90_D.899/4_no_repeat/LuoJ09M.wav
484	Schubert/Impromptu_op.90_D.899/4_no_repeat/WongWY08M.wav
485	Schubert/Impromptu_op142/1/Kleisen10M.wav
486	Schubert/Impromptu_op142/1/Lisiecki10M.wav
487	Schubert/Impromptu_op142/1/Ozaki07M.wav
488	Schubert/Impromptu_op142/3/Richardson07M.wav
489	Schubert/Impromptu_op142/3/RichardsonC06M.wav
490	Schubert/Impromptu_op142/3/SunY08M.wav
491	Schubert/Impromptu_op142/3/WangH06M.wav
492	Schubert/Impromptu_op142/3/YoungS06M.wav
493	Schubert/Moment_Musical_no_1/MunA10M.wav
494	Schubert/Moment_musical_no_3/Tetzloff09M.wav
495	Schubert/Piano_Sonatas/664-1/BuiJL06M.wav
496	Schubert/Piano_Sonatas/664-1/KabuliL10M.wav
497	Schubert/Piano_Sonatas/664-1/Mo10M.wav
498	Schubert/Piano_Sonatas/664-3/KabuliL12M.wav
499	Schubert/Piano_Sonatas/894-2/Yeletskiy08M.wav
500	Schubert/Piano_Sonatas/894-2_no_repeat/CHEN11M.wav
501	Schubert/Piano_Sonatas/894-2_no_repeat/Lee10M.wav
502	Schubert/Piano_Sonatas/894-2_no_repeat/SINKEV12M.wav
503	Schubert/Wanderer_fantasie/Larionova05M.wav
504	Schubert/Wanderer_fantasie/SunY10M.wav
505	Schumann/Arabeske/Min09M.wav
506	Schumann/Arabeske/ParkS15M.wav
507	Schumann/Kreisleriana/1/ParkJH04M.wav
508	Schumann/Kreisleriana/1/Yarden09M.wav
509	Schumann/Kreisleriana/1_no_first_repeat/JohannsonP02M.wav
510	Schumann/Toccata/DupreeF13M.wav
511	Schumann/Toccata_repeat/WangY07M.wav
512	Scriabin/Etudes_op_8/11/Shi08M.wav
513	Scriabin/Sonatas/5/ChernovA06M.wav
514	Scriabin/Sonatas/5/FaB05M.wav
515	Scriabin/Sonatas/5/GarritsonL06M.wav
516	Scriabin/Sonatas/5/Ko07M.wav
517	Scriabin/Sonatas/5/Na07M.wav
518	Scriabin/Sonatas/5/Yeletskiy07M.wav
